experimento,algoritmo,implementacion,familia,n,d,k,semilla,repeticion,ms,costo,nodos,poda_fact,poda_opt
e9_canciones_reales,fb,cpp,audio:libri1,27,12,20,0,1,6120.474917,0.4237022421,,,
e9_canciones_reales,fb,cpp,audio:libri1,27,12,20,0,2,6212.057584,0.4237022421,,,
e9_canciones_reales,fb,cpp,audio:libri1,27,12,20,0,3,6178.925583,0.4237022421,,,
e9_canciones_reales,fb,cpp,audio:libri1,27,12,20,0,4,6127.243333,0.4237022421,,,
e9_canciones_reales,fb,cpp,audio:libri1,27,12,20,0,5,6227.979916,0.4237022421,,,
e9_canciones_reales,fb,cpp,audio:libri1,27,12,20,0,6,6118.594,0.4237022421,,,
e9_canciones_reales,fb,cpp,audio:libri1,27,12,20,0,7,6285.705583,0.4237022421,,,
e9_canciones_reales,fb,cpp,audio:libri1,27,12,20,0,8,6073.030375,0.4237022421,,,
e9_canciones_reales,fb,cpp,audio:libri1,27,12,20,0,9,6155.661917,0.4237022421,,,
e9_canciones_reales,fb,cpp,audio:libri1,27,12,20,0,10,6043.116708,0.4237022421,,,
e9_canciones_reales,bt,cpp,audio:libri1,27,12,20,0,1,0.1535,0.4237022421,,,
e9_canciones_reales,bt,cpp,audio:libri1,27,12,20,0,2,0.152958,0.4237022421,,,
e9_canciones_reales,bt,cpp,audio:libri1,27,12,20,0,3,0.162417,0.4237022421,,,
e9_canciones_reales,bt,cpp,audio:libri1,27,12,20,0,4,0.162125,0.4237022421,,,
e9_canciones_reales,bt,cpp,audio:libri1,27,12,20,0,5,0.172875,0.4237022421,,,
e9_canciones_reales,bt,cpp,audio:libri1,27,12,20,0,6,0.1555,0.4237022421,,,
e9_canciones_reales,bt,cpp,audio:libri1,27,12,20,0,7,0.137083,0.4237022421,,,
e9_canciones_reales,bt,cpp,audio:libri1,27,12,20,0,8,0.155417,0.4237022421,,,
e9_canciones_reales,bt,cpp,audio:libri1,27,12,20,0,9,0.159458,0.4237022421,,,
e9_canciones_reales,bt,cpp,audio:libri1,27,12,20,0,10,0.166709,0.4237022421,,,
e9_canciones_reales,pd,cpp,audio:libri1,27,12,20,0,1,0.006541,0.4237022421,,,
e9_canciones_reales,pd,cpp,audio:libri1,27,12,20,0,2,0.007042,0.4237022421,,,
e9_canciones_reales,pd,cpp,audio:libri1,27,12,20,0,3,0.00625,0.4237022421,,,
e9_canciones_reales,pd,cpp,audio:libri1,27,12,20,0,4,0.006625,0.4237022421,,,
e9_canciones_reales,pd,cpp,audio:libri1,27,12,20,0,5,0.006333,0.4237022421,,,
e9_canciones_reales,pd,cpp,audio:libri1,27,12,20,0,6,0.006792,0.4237022421,,,
e9_canciones_reales,pd,cpp,audio:libri1,27,12,20,0,7,0.007084,0.4237022421,,,
e9_canciones_reales,pd,cpp,audio:libri1,27,12,20,0,8,0.0065,0.4237022421,,,
e9_canciones_reales,pd,cpp,audio:libri1,27,12,20,0,9,0.006208,0.4237022421,,,
e9_canciones_reales,pd,cpp,audio:libri1,27,12,20,0,10,0.006625,0.4237022421,,,
e9_canciones_reales,bt,cpp,audio:choice,57,12,43,0,1,0.823208,0.2031962598,,,
e9_canciones_reales,bt,cpp,audio:choice,57,12,43,0,2,0.787,0.2031962598,,,
e9_canciones_reales,bt,cpp,audio:choice,57,12,43,0,3,0.806125,0.2031962598,,,
e9_canciones_reales,bt,cpp,audio:choice,57,12,43,0,4,0.780792,0.2031962598,,,
e9_canciones_reales,bt,cpp,audio:choice,57,12,43,0,5,0.801792,0.2031962598,,,
e9_canciones_reales,bt,cpp,audio:choice,57,12,43,0,6,0.842,0.2031962598,,,
e9_canciones_reales,bt,cpp,audio:choice,57,12,43,0,7,0.754833,0.2031962598,,,
e9_canciones_reales,bt,cpp,audio:choice,57,12,43,0,8,0.81,0.2031962598,,,
e9_canciones_reales,bt,cpp,audio:choice,57,12,43,0,9,0.792083,0.2031962598,,,
e9_canciones_reales,bt,cpp,audio:choice,57,12,43,0,10,0.817584,0.2031962598,,,
e9_canciones_reales,pd,cpp,audio:choice,57,12,43,0,1,0.032666,0.2031962598,,,
e9_canciones_reales,pd,cpp,audio:choice,57,12,43,0,2,0.025625,0.2031962598,,,
e9_canciones_reales,pd,cpp,audio:choice,57,12,43,0,3,0.02575,0.2031962598,,,
e9_canciones_reales,pd,cpp,audio:choice,57,12,43,0,4,0.025292,0.2031962598,,,
e9_canciones_reales,pd,cpp,audio:choice,57,12,43,0,5,0.026375,0.2031962598,,,
e9_canciones_reales,pd,cpp,audio:choice,57,12,43,0,6,0.02525,0.2031962598,,,
e9_canciones_reales,pd,cpp,audio:choice,57,12,43,0,7,0.025625,0.2031962598,,,
e9_canciones_reales,pd,cpp,audio:choice,57,12,43,0,8,0.027292,0.2031962598,,,
e9_canciones_reales,pd,cpp,audio:choice,57,12,43,0,9,0.024917,0.2031962598,,,
e9_canciones_reales,pd,cpp,audio:choice,57,12,43,0,10,0.025583,0.2031962598,,,
e9_canciones_reales,bt,cpp,audio:brahms,101,12,76,0,1,126.046709,0.3452350648,,,
e9_canciones_reales,bt,cpp,audio:brahms,101,12,76,0,2,126.162667,0.3452350648,,,
e9_canciones_reales,bt,cpp,audio:brahms,101,12,76,0,3,126.650291,0.3452350648,,,
e9_canciones_reales,bt,cpp,audio:brahms,101,12,76,0,4,126.372292,0.3452350648,,,
e9_canciones_reales,bt,cpp,audio:brahms,101,12,76,0,5,128.824333,0.3452350648,,,
e9_canciones_reales,bt,cpp,audio:brahms,101,12,76,0,6,109.257625,0.3452350648,,,
e9_canciones_reales,bt,cpp,audio:brahms,101,12,76,0,7,111.703542,0.3452350648,,,
e9_canciones_reales,bt,cpp,audio:brahms,101,12,76,0,8,109.242208,0.3452350648,,,
e9_canciones_reales,bt,cpp,audio:brahms,101,12,76,0,9,126.672042,0.3452350648,,,
e9_canciones_reales,bt,cpp,audio:brahms,101,12,76,0,10,126.287375,0.3452350648,,,
e9_canciones_reales,pd,cpp,audio:brahms,101,12,76,0,1,0.128583,0.3452350648,,,
e9_canciones_reales,pd,cpp,audio:brahms,101,12,76,0,2,0.113125,0.3452350648,,,
e9_canciones_reales,pd,cpp,audio:brahms,101,12,76,0,3,0.117625,0.3452350648,,,
e9_canciones_reales,pd,cpp,audio:brahms,101,12,76,0,4,0.113584,0.3452350648,,,
e9_canciones_reales,pd,cpp,audio:brahms,101,12,76,0,5,0.122375,0.3452350648,,,
e9_canciones_reales,pd,cpp,audio:brahms,101,12,76,0,6,0.13,0.3452350648,,,
e9_canciones_reales,pd,cpp,audio:brahms,101,12,76,0,7,0.128958,0.3452350648,,,
e9_canciones_reales,pd,cpp,audio:brahms,101,12,76,0,8,0.132125,0.3452350648,,,
e9_canciones_reales,pd,cpp,audio:brahms,101,12,76,0,9,0.122,0.3452350648,,,
e9_canciones_reales,pd,cpp,audio:brahms,101,12,76,0,10,0.114916,0.3452350648,,,
e9_canciones_reales,bt,cpp,audio:sweetwaltz,117,12,88,0,1,166.904541,0.302384898,,,
e9_canciones_reales,bt,cpp,audio:sweetwaltz,117,12,88,0,2,163.918791,0.302384898,,,
e9_canciones_reales,bt,cpp,audio:sweetwaltz,117,12,88,0,3,145.656208,0.302384898,,,
e9_canciones_reales,bt,cpp,audio:sweetwaltz,117,12,88,0,4,166.774417,0.302384898,,,
e9_canciones_reales,bt,cpp,audio:sweetwaltz,117,12,88,0,5,169.383375,0.302384898,,,
e9_canciones_reales,bt,cpp,audio:sweetwaltz,117,12,88,0,6,148.914125,0.302384898,,,
e9_canciones_reales,bt,cpp,audio:sweetwaltz,117,12,88,0,7,169.199542,0.302384898,,,
e9_canciones_reales,bt,cpp,audio:sweetwaltz,117,12,88,0,8,166.118833,0.302384898,,,
e9_canciones_reales,bt,cpp,audio:sweetwaltz,117,12,88,0,9,166.202459,0.302384898,,,
e9_canciones_reales,bt,cpp,audio:sweetwaltz,117,12,88,0,10,166.199667,0.302384898,,,
e9_canciones_reales,pd,cpp,audio:sweetwaltz,117,12,88,0,1,0.181209,0.302384898,,,
e9_canciones_reales,pd,cpp,audio:sweetwaltz,117,12,88,0,2,0.19,0.302384898,,,
e9_canciones_reales,pd,cpp,audio:sweetwaltz,117,12,88,0,3,0.174916,0.302384898,,,
e9_canciones_reales,pd,cpp,audio:sweetwaltz,117,12,88,0,4,0.190666,0.302384898,,,
e9_canciones_reales,pd,cpp,audio:sweetwaltz,117,12,88,0,5,0.181166,0.302384898,,,
e9_canciones_reales,pd,cpp,audio:sweetwaltz,117,12,88,0,6,0.183417,0.302384898,,,
e9_canciones_reales,pd,cpp,audio:sweetwaltz,117,12,88,0,7,0.171666,0.302384898,,,
e9_canciones_reales,pd,cpp,audio:sweetwaltz,117,12,88,0,8,0.183875,0.302384898,,,
e9_canciones_reales,pd,cpp,audio:sweetwaltz,117,12,88,0,9,0.182791,0.302384898,,,
e9_canciones_reales,pd,cpp,audio:sweetwaltz,117,12,88,0,10,0.186542,0.302384898,,,
e9_canciones_reales,bt,cpp,audio:pistachio,169,12,127,0,1,382.363709,0.3586967521,,,
e9_canciones_reales,bt,cpp,audio:pistachio,169,12,127,0,2,395.413333,0.3586967521,,,
e9_canciones_reales,bt,cpp,audio:pistachio,169,12,127,0,3,328.060334,0.3586967521,,,
e9_canciones_reales,bt,cpp,audio:pistachio,169,12,127,0,4,395.627833,0.3586967521,,,
e9_canciones_reales,bt,cpp,audio:pistachio,169,12,127,0,5,367.499959,0.3586967521,,,
e9_canciones_reales,bt,cpp,audio:pistachio,169,12,127,0,6,376.620125,0.3586967521,,,
e9_canciones_reales,bt,cpp,audio:pistachio,169,12,127,0,7,332.190375,0.3586967521,,,
e9_canciones_reales,bt,cpp,audio:pistachio,169,12,127,0,8,346.641917,0.3586967521,,,
e9_canciones_reales,bt,cpp,audio:pistachio,169,12,127,0,9,369.73075,0.3586967521,,,
e9_canciones_reales,bt,cpp,audio:pistachio,169,12,127,0,10,390.574166,0.3586967521,,,
e9_canciones_reales,pd,cpp,audio:pistachio,169,12,127,0,1,0.521375,0.3586967521,,,
e9_canciones_reales,pd,cpp,audio:pistachio,169,12,127,0,2,0.518166,0.3586967521,,,
e9_canciones_reales,pd,cpp,audio:pistachio,169,12,127,0,3,0.524458,0.3586967521,,,
e9_canciones_reales,pd,cpp,audio:pistachio,169,12,127,0,4,0.502291,0.3586967521,,,
e9_canciones_reales,pd,cpp,audio:pistachio,169,12,127,0,5,0.534125,0.3586967521,,,
e9_canciones_reales,pd,cpp,audio:pistachio,169,12,127,0,6,0.523417,0.3586967521,,,
e9_canciones_reales,pd,cpp,audio:pistachio,169,12,127,0,7,0.516416,0.3586967521,,,
e9_canciones_reales,pd,cpp,audio:pistachio,169,12,127,0,8,0.518917,0.3586967521,,,
e9_canciones_reales,pd,cpp,audio:pistachio,169,12,127,0,9,0.529333,0.3586967521,,,
e9_canciones_reales,pd,cpp,audio:pistachio,169,12,127,0,10,0.561,0.3586967521,,,
e9_canciones_reales,bt,cpp,audio:nutcracker,212,12,159,0,1,7458.2965,0.2379688845,,,
e9_canciones_reales,bt,cpp,audio:nutcracker,212,12,159,0,2,8645.74975,0.2379688845,,,
e9_canciones_reales,bt,cpp,audio:nutcracker,212,12,159,0,3,7872.118708,0.2379688845,,,
e9_canciones_reales,bt,cpp,audio:nutcracker,212,12,159,0,4,7827.046833,0.2379688845,,,
e9_canciones_reales,bt,cpp,audio:nutcracker,212,12,159,0,5,7448.659458,0.2379688845,,,
e9_canciones_reales,bt,cpp,audio:nutcracker,212,12,159,0,6,8616.868792,0.2379688845,,,
e9_canciones_reales,bt,cpp,audio:nutcracker,212,12,159,0,7,8131.217792,0.2379688845,,,
e9_canciones_reales,bt,cpp,audio:nutcracker,212,12,159,0,8,7647.08275,0.2379688845,,,
e9_canciones_reales,bt,cpp,audio:nutcracker,212,12,159,0,9,8772.135458,0.2379688845,,,
e9_canciones_reales,bt,cpp,audio:nutcracker,212,12,159,0,10,7338.903667,0.2379688845,,,
e9_canciones_reales,pd,cpp,audio:nutcracker,212,12,159,0,1,1.011,0.2379688845,,,
e9_canciones_reales,pd,cpp,audio:nutcracker,212,12,159,0,2,1.01025,0.2379688845,,,
e9_canciones_reales,pd,cpp,audio:nutcracker,212,12,159,0,3,1.001209,0.2379688845,,,
e9_canciones_reales,pd,cpp,audio:nutcracker,212,12,159,0,4,1.016708,0.2379688845,,,
e9_canciones_reales,pd,cpp,audio:nutcracker,212,12,159,0,5,1.017625,0.2379688845,,,
e9_canciones_reales,pd,cpp,audio:nutcracker,212,12,159,0,6,1.028916,0.2379688845,,,
e9_canciones_reales,pd,cpp,audio:nutcracker,212,12,159,0,7,1.008458,0.2379688845,,,
e9_canciones_reales,pd,cpp,audio:nutcracker,212,12,159,0,8,1.012459,0.2379688845,,,
e9_canciones_reales,pd,cpp,audio:nutcracker,212,12,159,0,9,1.019958,0.2379688845,,,
e9_canciones_reales,pd,cpp,audio:nutcracker,212,12,159,0,10,1.011208,0.2379688845,,,
e9_canciones_reales,bt,cpp,audio:fishin,248,12,186,0,1,862.765291,0.1711133835,,,
e9_canciones_reales,bt,cpp,audio:fishin,248,12,186,0,2,868.762125,0.1711133835,,,
e9_canciones_reales,bt,cpp,audio:fishin,248,12,186,0,3,862.686291,0.1711133835,,,
e9_canciones_reales,bt,cpp,audio:fishin,248,12,186,0,4,801.800583,0.1711133835,,,
e9_canciones_reales,bt,cpp,audio:fishin,248,12,186,0,5,797.826125,0.1711133835,,,
e9_canciones_reales,bt,cpp,audio:fishin,248,12,186,0,6,761.606958,0.1711133835,,,
e9_canciones_reales,bt,cpp,audio:fishin,248,12,186,0,7,746.96375,0.1711133835,,,
e9_canciones_reales,bt,cpp,audio:fishin,248,12,186,0,8,889.595333,0.1711133835,,,
e9_canciones_reales,bt,cpp,audio:fishin,248,12,186,0,9,734.406333,0.1711133835,,,
e9_canciones_reales,bt,cpp,audio:fishin,248,12,186,0,10,844.367583,0.1711133835,,,
e9_canciones_reales,pd,cpp,audio:fishin,248,12,186,0,1,1.587584,0.1711133835,,,
e9_canciones_reales,pd,cpp,audio:fishin,248,12,186,0,2,1.592125,0.1711133835,,,
e9_canciones_reales,pd,cpp,audio:fishin,248,12,186,0,3,1.5935,0.1711133835,,,
e9_canciones_reales,pd,cpp,audio:fishin,248,12,186,0,4,1.6155,0.1711133835,,,
e9_canciones_reales,pd,cpp,audio:fishin,248,12,186,0,5,1.581417,0.1711133835,,,
e9_canciones_reales,pd,cpp,audio:fishin,248,12,186,0,6,1.605208,0.1711133835,,,
e9_canciones_reales,pd,cpp,audio:fishin,248,12,186,0,7,1.585167,0.1711133835,,,
e9_canciones_reales,pd,cpp,audio:fishin,248,12,186,0,8,1.58225,0.1711133835,,,
e9_canciones_reales,pd,cpp,audio:fishin,248,12,186,0,9,1.582291,0.1711133835,,,
e9_canciones_reales,pd,cpp,audio:fishin,248,12,186,0,10,1.591709,0.1711133835,,,
e9_canciones_reales,bt,cpp,audio:cancion,283,12,212,0,1,5282.7725,0.1132882915,,,
e9_canciones_reales,bt,cpp,audio:cancion,283,12,212,0,2,5171.187292,0.1132882915,,,
e9_canciones_reales,bt,cpp,audio:cancion,283,12,212,0,3,4383.633167,0.1132882915,,,
e9_canciones_reales,bt,cpp,audio:cancion,283,12,212,0,4,4966.353,0.1132882915,,,
e9_canciones_reales,bt,cpp,audio:cancion,283,12,212,0,5,4863.474791,0.1132882915,,,
e9_canciones_reales,bt,cpp,audio:cancion,283,12,212,0,6,4697.817625,0.1132882915,,,
e9_canciones_reales,bt,cpp,audio:cancion,283,12,212,0,7,5018.64925,0.1132882915,,,
e9_canciones_reales,bt,cpp,audio:cancion,283,12,212,0,8,4272.230292,0.1132882915,,,
e9_canciones_reales,bt,cpp,audio:cancion,283,12,212,0,9,4217.585375,0.1132882915,,,
e9_canciones_reales,bt,cpp,audio:cancion,283,12,212,0,10,4862.80325,0.1132882915,,,
e9_canciones_reales,pd,cpp,audio:cancion,283,12,212,0,1,2.355917,0.1132882915,,,
e9_canciones_reales,pd,cpp,audio:cancion,283,12,212,0,2,2.362541,0.1132882915,,,
e9_canciones_reales,pd,cpp,audio:cancion,283,12,212,0,3,2.376041,0.1132882915,,,
e9_canciones_reales,pd,cpp,audio:cancion,283,12,212,0,4,2.356458,0.1132882915,,,
e9_canciones_reales,pd,cpp,audio:cancion,283,12,212,0,5,2.409708,0.1132882915,,,
e9_canciones_reales,pd,cpp,audio:cancion,283,12,212,0,6,2.356125,0.1132882915,,,
e9_canciones_reales,pd,cpp,audio:cancion,283,12,212,0,7,2.3975,0.1132882915,,,
e9_canciones_reales,pd,cpp,audio:cancion,283,12,212,0,8,2.363375,0.1132882915,,,
e9_canciones_reales,pd,cpp,audio:cancion,283,12,212,0,9,2.373375,0.1132882915,,,
e9_canciones_reales,pd,cpp,audio:cancion,283,12,212,0,10,2.361875,0.1132882915,,,
e9_canciones_reales,bt,cpp,audio:electronica,329,12,247,0,1,7575.965959,0.1236965711,,,
e9_canciones_reales,bt,cpp,audio:electronica,329,12,247,0,2,8006.2715,0.1236965711,,,
e9_canciones_reales,bt,cpp,audio:electronica,329,12,247,0,3,7663.063625,0.1236965711,,,
e9_canciones_reales,bt,cpp,audio:electronica,329,12,247,0,4,8934.096375,0.1236965711,,,
e9_canciones_reales,bt,cpp,audio:electronica,329,12,247,0,5,8587.186125,0.1236965711,,,
e9_canciones_reales,bt,cpp,audio:electronica,329,12,247,0,6,7737.269459,0.1236965711,,,
e9_canciones_reales,bt,cpp,audio:electronica,329,12,247,0,7,9152.020334,0.1236965711,,,
e9_canciones_reales,bt,cpp,audio:electronica,329,12,247,0,8,7515.484583,0.1236965711,,,
e9_canciones_reales,bt,cpp,audio:electronica,329,12,247,0,9,7936.003417,0.1236965711,,,
e9_canciones_reales,bt,cpp,audio:electronica,329,12,247,0,10,7734.054458,0.1236965711,,,
e9_canciones_reales,pd,cpp,audio:electronica,329,12,247,0,1,3.598375,0.1236965711,,,
e9_canciones_reales,pd,cpp,audio:electronica,329,12,247,0,2,3.623209,0.1236965711,,,
e9_canciones_reales,pd,cpp,audio:electronica,329,12,247,0,3,3.645167,0.1236965711,,,
e9_canciones_reales,pd,cpp,audio:electronica,329,12,247,0,4,3.594709,0.1236965711,,,
e9_canciones_reales,pd,cpp,audio:electronica,329,12,247,0,5,3.611,0.1236965711,,,
e9_canciones_reales,pd,cpp,audio:electronica,329,12,247,0,6,3.634541,0.1236965711,,,
e9_canciones_reales,pd,cpp,audio:electronica,329,12,247,0,7,3.612375,0.1236965711,,,
e9_canciones_reales,pd,cpp,audio:electronica,329,12,247,0,8,3.623541,0.1236965711,,,
e9_canciones_reales,pd,cpp,audio:electronica,329,12,247,0,9,3.631208,0.1236965711,,,
e9_canciones_reales,pd,cpp,audio:electronica,329,12,247,0,10,3.817209,0.1236965711,,,
